item,rank,gender,isIdentity,hasref,refitem,exurl,wmurl,wmproj
Q12812869,,,,false,,,,
Q14330482,,,,false,,,,
Q17046176,,,,false,,,,
Q17046780,,,,false,,,,
Q17432034,,,,false,,,,
Q19309901,,,,false,,,,
Q19402598,,,,false,,,,
Q200436,,,,false,,,,
Q20090577,,,,false,,,,
Q20669153,,,,false,,,,
Q20740722,,,,false,,,,
Q20744808,NormalRank,Q6581097,true,false,,,,
Q2272256,,,,false,,,,
Q2388336,,,,false,,,,
Q28600107,,,,false,,,,
Q31189130,,,,false,,,,
Q31189135,,,,false,,,,
Q31189141,,,,false,,,,
Q31189142,,,,false,,,,
Q31189151,NormalRank,Q6581097,true,false,,,,
Q31189157,NormalRank,Q6581072,false,false,,,,
Q31189158,,,,false,,,,
Q31189159,,,,false,,,,
Q312245,NormalRank,Q6581097,true,true,false,false,false,true
Q332476,,,,false,,,,
Q47188704,,,,false,,,,
Q47188724,,,,false,,,,
Q47188741,,,,false,,,,
Q47188756,,,,false,,,,
Q47188772,,,,false,,,,
Q47188791,,,,false,,,,
Q47188815,NormalRank,Q6581097,true,false,,,,
Q47188833,,,,false,,,,
Q47188853,,,,false,,,,
Q47188873,,,,false,,,,
Q47188890,,,,false,,,,
Q47188908,,,,false,,,,
Q47188923,,,,false,,,,
Q47188941,,,,false,,,,
Q47188958,,,,false,,,,
Q47188983,,,,false,,,,
Q47189001,,,,false,,,,
Q47189019,,,,false,,,,
Q47189038,,,,false,,,,
Q47189058,,,,false,,,,
Q47189076,,,,false,,,,
Q47189093,,,,false,,,,
Q47189112,,,,false,,,,
Q47189127,,,,false,,,,
Q47189142,,,,false,,,,
Q47189158,,,,false,,,,
Q47189175,,,,false,,,,
Q6005452,,,,false,,,,
Q6057339,,,,false,,,,
Q6060979,,,,false,,,,
Q6065323,,,,false,,,,
Q6065537,,,,false,,,,
Q6081184,,,,false,,,,
Q57886,,,,false,,,,
Q58174,NormalRank,Q6581097,true,false,,,,
